195	https://drive.google.com/file/d/1aDzmIsCHv4eeJjIDGorITAqq_vYcC1-O/view?usp=share_link
195	https://drive.google.com/file/d/1WpMtwggT1SiC-CLQrxUNKJ6QZWQqM9i3/view?usp=share_link
357	https://drive.google.com/file/d/1xMSxcUPdddnCwk-xCeRDOwM4TUWXWzc-/view?usp=share_link
150	https://drive.google.com/file/d/1i5oVUzDh64HSrMPAdNk3MeiKwxbgQmMZ/view?usp=share_link
318	https://drive.google.com/file/d/12QyaPdzZ6LyFJ7glCt0x156EENOwwBIh/view?usp=share_link
139	https://drive.google.com/file/d/1diH7AVMWBW8uZLdPtjjp_g7XUmCVR0VH/view?usp=share_link
249	https://drive.google.com/file/d/19lsBjONZyYNjAAjtwPSvL2rRytBdftzp/view?usp=share_link
315	https://drive.google.com/file/d/1x1IywdFzpZ-FTEZeEEHLnVLUc2byYL82/view?usp=share_link
223	https://drive.google.com/file/d/1LEqZ7TKkmptQQoEOLds_yMD-68LeZmim/view?usp=share_link
292	https://drive.google.com/file/d/10N1Ih-_aawXEuCjXGFXNX_EpLMuNwkEO/view?usp=share_link
295	https://drive.google.com/file/d/1Sq1Oh3oHNkNZo_e-J4GRQhul6oHZtC7c/view?usp=share_link
248	https://drive.google.com/file/d/1lk5RIk4nDFbEzJJKoITvJ8m7K8oRmfoA/view?usp=share_link
258	https://drive.google.com/file/d/1n2Z3UgCKC6cTRI2Jo1EOCqfDdPRFKVpb/view?usp=share_link
253	https://drive.google.com/file/d/1IZ9CzOWNxvKMEjw8T1JHDmb5Vh-LWvZV/view?usp=share_link
325	https://drive.google.com/file/d/1h3LqGAg3BQ7igohqKQvRHKe35U53hyNi/view?usp=share_link
325	https://drive.google.com/file/d/19WUaDtizjjExwC8KK8uQHmK17TX_VElY/view?usp=share_link
325	https://drive.google.com/file/d/1U5V7r2BM1fAXao2UsTBtd3nhYVedEU9o/view?usp=share_link
202	https://drive.google.com/file/d/1I6QplMWRQV7ByrCCPH3aYhP9yRNJut-W/view?usp=share_link
190	https://drive.google.com/file/d/1hmtxrVE-0kgL7wom2MiFphShGlwiSOiZ/view?usp=share_link
265	https://drive.google.com/file/d/14QGVwLG8ycT34s8iRvj93tGKlghDEaHQ/view?usp=share_link
223	https://drive.google.com/file/d/1OBM6tJu-W85CPSPcIL7kjdF3u9oNWHRY/view?usp=share_link
486	https://drive.google.com/file/d/1e_v4Gc5NbkFfxzSQUJhugK0DKdISjdXS/view?usp=share_link
261	https://drive.google.com/file/d/1Q4-WQHCqvEQN6851PbWweh60NWPlANIx/view?usp=share_link
254	https://drive.google.com/file/d/1Rl6PJYli74iu_0kW9Kes_ZeFrMspqsaz/view?usp=share_link
246	https://drive.google.com/file/d/1kFYvpDHsYtEZSwPZ19dsWCv8A8jpFM9z/view?usp=share_link